author,title,description,url,urlToImage,publishedAt,content,source.id,source.name
Steven Levy,Trump's Crypto Embrace Could Be a Disaster for Bitcoin,"At the Bitcoin 2024 conference in Nashville, Donald Trump promised the crypto community the moon. They'd better hope they don't get it.",https://www.wired.com/story/donald-trump-bitcoin-reserve-promises/,"https://media.wired.com/photos/66ab594d0c0cc4819f595db4/191:100/w_1280,c_limit/073024_Crypto%20get%20rich%20quick.jpg",2024-08-02T13:00:00Z,"Donald Trump is an unlikely crypto ally. The power of bitcoin, embodied in Satoshi Nakamotos founding document, is that it frees participants from murky assessments of trust, instead relying on the b… [+4248 chars]",wired,Wired
Lucas Ropek,"Kamala Harris Wants to Get Closer to Crypto Bros, If They’ll Let Her",Cryptocurrency has become the latest flashpoint in the presidential candidates' war for the soul of Silicon Valley.,https://gizmodo.com/kamala-harris-wants-to-get-closer-to-crypto-bros-if-theyll-let-her-2000480701,https://gizmodo.com/app/uploads/2019/05/oqakhahoqrr6i0b6qu50.jpg,2024-07-30T13:30:20Z,"Over the past week, Kamala Harris has made it known that she plans on hitting the “reset” button when it comes to the cryptocurrency industry. Currently, there’s bad blood between crypto stans and th… [+6026 chars]",,Gizmodo.com
Lucas Ropek,This Could Be the Beginning of the End of Trump’s Love for Crypto Cash,The Donald chose the wrong time to get into web3.,https://gizmodo.com/this-could-be-the-beginning-of-the-end-of-trumps-love-for-crypto-cash-2000483266,https://gizmodo.com/app/uploads/2024/08/Trump_makes_a_-weird_face_at_a_campaign_rally-.jpg,2024-08-05T21:35:52Z,"Donald Trump’s honeymoon with the cryptocurrency industry may be over. At the very least, the campaign contributions in Dogecoin he received last month are probably a lot less valuable right now than… [+3766 chars]",,Gizmodo.com
Lucas Ropek,Akon’s Multi-Billion Dollar Crypto City in Africa Gets a Reality Check,"Will the singer's $6 billion metropolis, a ""real-life Wakanda,"" actually get built? It's looking increasingly unlikely.",https://gizmodo.com/akons-multi-billion-dollar-crypto-city-in-africa-gets-a-reality-check-2000482614,https://gizmodo.com/app/uploads/2024/08/akon_crypto_city.jpg,2024-08-02T19:20:00Z,"Rich people have become obsessed with building new cities latelyan affliction that extends even to hip-hop and R&amp;B singer Akon. Back in 2020, Akon announced that he would build a futuristic new c… [+2399 chars]",,Gizmodo.com
jsor@businessinsider.com (Jennifer Sor),Stock market today: Dow jumps 285 points as traders try to extend comeback from big sell-off,"The Bank of Japan suggested on Wednesday it would pause rate hikes in the near-term, bolstering investor sentiment.",https://markets.businessinsider.com/news/stocks/stock-market-today-rally-interest-rates-fed-boj-carry-trade-2024-8,https://i.insider.com/66b378f5a5247369a3ea253d?width=1200&format=jpeg,2024-08-07T13:45:50Z,"US stocks jumped on Wednesday after the Bank of Japan issued guidance on interest rates and traders attempted to extend the rebound in stocks. All three benchmark indexes ticked higher, with the Dow … [+1689 chars]",business-insider,Business Insider
Brittney Melton,Updated timeline for attempted Trump assassination; crypto’s impact on the election,"The FBI has released a more detailed timeline of the attempted assassination of Former President Donald Trump. And, how crypto is impacting the primary election in Arizona.",https://www.npr.org/2024/07/30/g-s1-14312/up-first-newsletter-fbi-trump-attempted-assassination-investigation-crypto-arizona-election,https://npr.brightspotcdn.com/dims3/default/strip/false/crop/2189x1231+0+114/resize/1400/quality/100/format/jpeg/?url=http%3A%2F%2Fnpr-brightspot.s3.amazonaws.com%2F98%2F07%2Fff67280141c1be94ca10f36fade5%2Fgettyimages-2161925705.jpg,2024-07-30T11:52:29Z,"Good morning. You're reading the Up First newsletter. Subscribe here to get it delivered to your inbox, and listen to the Up First podcast for all the news you need to start your day.
Today's top st… [+5856 chars]",,NPR
msmash,Russia To Allow Crypto Payments in International Trade To Counter Sanctions,"Russian lawmakers passed a bill on Tuesday that will allow businesses to use crypto currencies in international trade, as part of efforts to skirt Western sanctions imposed after Russia's invasion of Ukraine. From a report: The law is expected to go into forc…",https://news.slashdot.org/story/24/07/30/187226/russia-to-allow-crypto-payments-in-international-trade-to-counter-sanctions,https://a.fsdn.com/sd/topics/bitcoin_64.png,2024-07-30T18:07:00Z,"The exchange that is in Russia, do you mean? They're gonna send the FBI to Russia?But yeah, blockchain transactions are hardly anonymous these days, but if it's just because the banks are being overl… [+201 chars]",,Slashdot.org
Haven Orecchio-Egresitz,"As Ryan Salame stares down years in prison for his role in FTX, he's spending his time doing what he loves: posting","As the FTX insider recovers from a dog attack that delayed his prison sentence, he's posting on X about Sam Bankman-Fried's trial and Donald Trump.",https://www.businessinsider.com/ryan-salame-posting-ftx-crypto-trump-sbf-awaiting-prison-2024-8,https://i.insider.com/66aba1ca1a227600e633758c?width=1200&format=jpeg,2024-08-02T11:20:02Z,"Ryan Salame is returned to X ahead of his prison sentence.REUTERS/Brendan McDermid
<ul><li>Ryan Salame was sentenced to 7½ years in prison for his role in the collapse of FTX.</li><li>Awaiting priso… [+11057 chars]",business-insider,Business Insider
Dominick Reuter,Amazon is suing a group on Telegram it says orchestrated $1.2 million in fraudulent refunds while taking a cut,"Amazon's lawsuit against the group named ""Chin Chopa"" also names seven US defendants who the company says used and promoted the illegal service.",https://www.businessinsider.com/amazon-suing-refund-fraud-group-it-says-stole-10000-items-2024-7,https://i.insider.com/66a80bdd1a227600e6329f84?width=1200&format=jpeg,2024-07-30T11:03:02Z,"Amazon has sued ""unknown persons"" operating the telegram channel ""Chin Chopa"" to seek refunds from the company.UNITED STATES DISTRICT COURT WESTERN DISTRICT OF WASHINGTON AT SEATTLE
<ul><li>Amazon s… [+3289 chars]",business-insider,Business Insider
Ed Zitron,"Sweaty, desperate, and sad: Big Tech is giving off divorced dad energy","Big Tech companies like Google, Microsoft, Apple, and Amazon are clinging to a bygone era, failing to innovate, and letting down their customers.",https://www.businessinsider.com/tech-industry-divorced-dad-energy-google-microsoft-amazon-innovation-2024-8,https://i.insider.com/66aa46ad1a227600e6330c67?width=1200&format=jpeg,2024-08-06T09:26:02Z,"Getty Images; Jenny Chang-Rodriguez/BI
Silicon Valley is filthy with divorced-dad energy.Not necessarily the people, though I'm sure there's plenty of that, but the most powerful companies in the Va… [+13905 chars]",business-insider,Business Insider
Alvin Hemedez,This Layer 2 Blockchain Could Lead Meme Coins Higher This Bull Market as Whales Buy In,"It’s well known that whales often hold the reins to significant profits, leveraging their deep understanding of market trends and… Continue reading This Layer 2 Blockchain Could Lead Meme Coins Higher This Bull Market as Whales Buy In
The post This Layer 2 Bl…",https://readwrite.com/this-layer-2-blockchain-could-lead-meme-coins-higher-this-bull-market-as-whales-buy-in/,https://readwrite.com/wp-content/uploads/2024/07/this-layer-2-blockchain-could-lead-meme-coins-higher-this-bull-market-as-whales-buy-in.jpg,2024-07-31T17:20:15Z,"It’s well known that whales often hold the reins to significant profits, leveraging their deep understanding of market trends and strategic approaches to achieve substantial gains.
In contrast, aver… [+4909 chars]",,ReadWrite
Alvin Hemedez,"Top Altcoins to Invest in Ahead of Bitcoin’s Next Bull Run – $BTC, $SOL, $ETH, $BNB, $XRP, and $99BTC","With Bitcoin (BTC) surging and the market exhibiting greed according to the Fear and Greed Index, it’s an opportune time… Continue reading Top Altcoins to Invest in Ahead of Bitcoin’s Next Bull Run – $BTC, $SOL, $ETH, $BNB, $XRP, and $99BTC
The post Top Altco…",https://readwrite.com/top-altcoins-to-invest-in-ahead-of-bitcoins-next-bull-run-btc-sol-eth-bnb-xrp-and-99btc/,https://readwrite.com/wp-content/uploads/2024/07/top-altcoins-to-invest-in-ahead-of-bitcoin-next-bull-run.jpg,2024-07-31T19:36:05Z,"With Bitcoin (BTC) surging and the market exhibiting greed according to the Fear and Greed Index, it’s an opportune time to consider diversifying your portfolio with altcoin investments.
While meme … [+6891 chars]",,ReadWrite
Alvin Hemedez,"High-Potential Meme Coin Presales That Could Offer Explosive Returns – $MGMES, $SHIBASHOOT, and $PEPU","As the current bull run progresses, it is imperative to examine three promising meme coins. Bitcoin is back, and its… Continue reading High-Potential Meme Coin Presales That Could Offer Explosive Returns – $MGMES, $SHIBASHOOT, and $PEPU
The post High-Potentia…",https://readwrite.com/high-potential-meme-coin-presales-that-could-offer-explosive-returns-mgmes-shibashoot-and-pepu/,https://readwrite.com/wp-content/uploads/2024/07/high-potential-meme-coin-presales-that-could-offer-explosive-returns.jpg,2024-07-30T19:39:36Z,"As the current bull run progresses, it is imperative to examine three promising meme coins. Bitcoin is back, and its resurgence is pumping the entire market.
Retail investors are returning, and inte… [+6494 chars]",,ReadWrite
Alvin Hemedez,Top 4 Meme Coins to Watch in the Upcoming Bull Market,"As the cryptocurrency market gears up for an anticipated bull run, Bitcoin will likely lead with significant gains, followed by… Continue reading Top 4 Meme Coins to Watch in the Upcoming Bull Market
The post Top 4 Meme Coins to Watch in the Upcoming Bull Mar…",https://readwrite.com/top-4-meme-coins-to-watch-in-the-upcoming-bull-market/,https://readwrite.com/wp-content/uploads/2024/07/top-four-meme-coins-to-watch-in-the-upcoming-bull-market.jpg,2024-07-30T10:19:38Z,"As the cryptocurrency market gears up for an anticipated bull run, Bitcoin will likely lead with significant gains, followed by major altcoins like Ethereum and Solana.
Following that, popular meme … [+6435 chars]",,ReadWrite
Alvin Hemedez,How Learning Crypto with 99Bitcoins Can Be Rewarding – Last Chance to Buy,"Having raised $2.5 million in its token presale, 99Bitcoins is poised to revolutionize cryptocurrency investing. Designed as a user-friendly platform… Continue reading How Learning Crypto with 99Bitcoins Can Be Rewarding – Last Chance to Buy
The post How Lear…",https://readwrite.com/how-learning-crypto-with-99bitcoins-can-be-rewarding-last-chance-to-buy/,https://readwrite.com/wp-content/uploads/2024/07/how-learning-crypto-can-be-rewarding-with-the-99bitcoins-learn-to-earn-model.jpg,2024-07-30T17:03:31Z,"Having raised $2.5 million in its token presale, 99Bitcoins is poised to revolutionize cryptocurrency investing.
Designed as a user-friendly platform to simplify complex market dynamics, 99Bitcoins … [+4784 chars]",,ReadWrite
Radek Zielinski,Crypto asset firm Grayscale has lost $20 billion in Bitcoin and Ethereum ETFs,"Leading crypto-specific asset manager Grayscale Investments has lost over $20.4 billion through outflows from its Bitcoin (BTC) and Ethereum (ETH)… Continue reading Crypto asset firm Grayscale has lost $20 billion in Bitcoin and Ethereum ETFs
The post Crypto …",https://readwrite.com/grayscale-bitcoin-ethereum-etf-losses-20-billion/,https://readwrite.com/wp-content/uploads/2024/07/6f232dbd-27a0-45f2-87c6-639075c6ef40.webp,2024-07-30T20:41:13Z,"Leading crypto-specific asset manager Grayscale Investments has lost over $20.4 billion through outflows from its Bitcoin (BTC) and Ethereum (ETH) exchange-traded funds (ETFs).
According to data gat… [+2456 chars]",,ReadWrite
Alvin Hemedez,Hawk Tuah Token’s Rapid Rise and Fall as New Pepe-Themed Meme Coin Hits $6 Million Presale Milestone,"The cryptocurrency market is no stranger to fleeting trends, and the recent surge and subsequent crash of Hawk Tuah (HAWK)… Continue reading Hawk Tuah Token’s Rapid Rise and Fall as New Pepe-Themed Meme Coin Hits $6 Million Presale Milestone
The post Hawk Tua…",https://readwrite.com/hawk-tuah-tokens-rapid-rise-and-fall-as-new-pepe-themed-meme-coin-hits-6-million-presale-milestone/,https://readwrite.com/wp-content/uploads/2024/07/hawk-tuah-token-rapid-rise-and-fall.jpg,2024-07-30T17:53:50Z,"The cryptocurrency market is no stranger to fleeting trends, and the recent surge and subsequent crash of Hawk Tuah (HAWK) is a prime example of this volatility.
Inspired by a viral video featuring … [+5112 chars]",,ReadWrite
Alvin Hemedez,Experts Predict Pepe Will Surge 10x in the Coming Months – Should You Buy PEPE or Consider This Layer 2 Meme Coin?,"Experts predict a big surge for Pepe (PEPE), leading many investors to believe now is the best time to buy… Continue reading Experts Predict Pepe Will Surge 10x in the Coming Months – Should You Buy PEPE or Consider This Layer 2 Meme Coin?
The post Experts Pr…",https://readwrite.com/experts-predict-pepe-will-surge-10x-in-the-coming-months-should-you-buy-pepe-or-consider-this-layer-2-meme-coin/,https://readwrite.com/wp-content/uploads/2024/07/pepe-price-prediction-1.jpg,2024-07-31T12:32:20Z,"Experts predict a big surge for Pepe (PEPE), leading many investors to believe now is the best time to buy in.
The cryptocurrency market is on the rise. Market volume has jumped by 62%, and the Fear… [+5122 chars]",,ReadWrite
Alvin Hemedez,$99BTC Presale Enters Final Stage – Last Chance to Invest in a Platform Combining Education with Earnings,"The 99Bitcoins presale is in its final stages, concluding on August 6th at 2 PM UTC. This Learn-to-Earn project incentivizes… Continue reading $99BTC Presale Enters Final Stage – Last Chance to Invest in a Platform Combining Education with Earnings
The post $…",https://readwrite.com/99btc-presale-enters-final-stage-last-chance-to-invest-in-a-platform-combining-education-with-earnings/,https://readwrite.com/wp-content/uploads/2024/07/99btc-presale-enters-final-stage-last-chance-to-invest-in-a-platform-combining-education-with-earnings.jpg,2024-07-31T17:52:39Z,"The 99Bitcoins presale is in its final stages, concluding on August 6th at 2 PM UTC. This Learn-to-Earn project incentivizes users to gain cryptocurrency knowledge by rewarding them.
This innovative… [+4198 chars]",,ReadWrite
Radek Zielinski,US strategic Bitcoin reserve to be financed by revaluing Fed’s gold,"United States’ strategic Bitcoin (BTC) reserve would be partly financed by revaluing gold certificates held by the Federal Reserve System,… Continue reading US strategic Bitcoin reserve to be financed by revaluing Fed’s gold
The post US strategic Bitcoin rese…",https://readwrite.com/us-strategic-bitcoin-reserve-to-be-financed-by-fed-gold/,https://readwrite.com/wp-content/uploads/2024/07/b39a34b3-1c6a-47b1-ade2-fb55f8ae2510.webp,2024-07-31T14:22:25Z,"United States’ strategic Bitcoin (BTC) reserve would be partly financed by revaluing gold certificates held by the Federal Reserve System, draft legislation shows.
According to a July 30 Coindesk re… [+2038 chars]",,ReadWrite
Alvin Hemedez,"$MEW Token Nearly Doubles in the Last Week, Surpassing Meme Coin Rivals – Can Pepe Unchained Follow Suit Post-Launch?","cat in a dogs world (MEW) has rapidly ascended to a leading position among cat-themed cryptocurrencies. Despite navigating a volatile… Continue reading $MEW Token Nearly Doubles in the Last Week, Surpassing Meme Coin Rivals – Can Pepe Unchained Follow Suit Po…",https://readwrite.com/mew-token-nearly-doubles-in-the-last-week-surpassing-meme-coin-rivals-can-pepe-unchained-follow-suit-post-launch/,https://readwrite.com/wp-content/uploads/2024/07/mew-token-nearly-doubles-in-the-last-week-surpassing-meme-coin-rivals.jpg,2024-07-31T18:44:15Z,"cat in a dogs world (MEW) has rapidly ascended to a leading position among cat-themed cryptocurrencies. Despite navigating a volatile market marked by crashes and Bitcoin’s fluctuations, the coin has… [+5470 chars]",,ReadWrite
Alvin Hemedez,"CatDog Token Rallies 22%, Climbing DEXTools Rankings as Pepe Unchained Presale Heats Up","CatDog (CATDOG), a playful combination of iconic cartoon characters, has made it onto the top 10 Hot Pairs list on… Continue reading CatDog Token Rallies 22%, Climbing DEXTools Rankings as Pepe Unchained Presale Heats Up
The post CatDog Token Rallies 22%, Cli…",https://readwrite.com/catdog-token-rallies-22-climbing-dextools-rankings-as-pepe-unchained-presale-heats-up/,https://readwrite.com/wp-content/uploads/2024/07/catdog-surges-22-and-ranks-among-hot-pairs-on-dextools-amid-pepe-unchained-presale-surge.jpg,2024-07-30T18:29:22Z,"CatDog (CATDOG), a playful combination of iconic cartoon characters, has made it onto the top 10 Hot Pairs list on DEXTools, capturing investor attention with its unique concept and promising early p… [+5694 chars]",,ReadWrite
Alvin Hemedez,BOME Bullish Predictions and a New Layer 2 Meme Coin Poised to Explode in 2024,"Book of Meme (BOME) is one of the top meme coin gainers today, with an 8.42% increase in the past… Continue reading BOME Bullish Predictions and a New Layer 2 Meme Coin Poised to Explode in 2024
The post BOME Bullish Predictions and a New Layer 2 Meme Coin Po…",https://readwrite.com/bome-bullish-predictions-and-a-new-layer-2-meme-coin-poised-to-explode-in-2024/,https://readwrite.com/wp-content/uploads/2024/07/bome-price-predictions.jpg,2024-07-30T12:42:56Z,"Book of Meme (BOME) is one of the top meme coin gainers today, with an 8.42% increase in the past 24 hours and nearly 30% over the past week.
In this article, we’ll examine the coin’s current chart … [+4327 chars]",,ReadWrite
Alvin Hemedez,5 Best Meme Coins to Buy and Hold – TodayTrader’s Top Picks for the Upcoming Bull Run,"As we enter August, we might see a positive trend in the crypto market, which could be a good sign… Continue reading 5 Best Meme Coins to Buy and Hold – TodayTrader’s Top Picks for the Upcoming Bull Run
The post 5 Best Meme Coins to Buy and Hold – TodayTrader…",https://readwrite.com/5-best-meme-coins-to-buy-and-hold-todaytraders-top-picks-for-the-upcoming-bull-run/,https://readwrite.com/wp-content/uploads/2024/07/best-five-meme-coins-to-buy-and-hold.jpg,2024-07-31T09:16:56Z,"As we enter August, we might see a positive trend in the crypto market, which could be a good sign for meme coins and their potential for significant growth.
We’re analyzing the Bitcoin chart, focus… [+6229 chars]",,ReadWrite
Radek Zielinski,Russia eyes crypto legalization amid sanctions pressure,"Russia’s State Duma — the lower house of the Russian Parliament — is reviewing regulation, to possibly legalize cryptocurrencies. The… Continue reading Russia eyes crypto legalization amid sanctions pressure
The post Russia eyes crypto legalization amid sanct…",https://readwrite.com/russia-eyes-crypto-legalization-amid-sanctions-pressure/,https://readwrite.com/wp-content/uploads/2024/07/e9b42b33-ca39-4cb1-93ce-2c2f34651af4.webp,2024-07-30T13:37:03Z,"Russia’s State Duma the lower house of the Russian Parliament is reviewing regulation, to possibly legalize cryptocurrencies.
The State Dumas financial market committee head Anatoly Aksakov told Blo… [+2063 chars]",,ReadWrite
Radek Zielinski,Donald Trump raises $25M during Bitcoin 2024 conference,"Republican presidential candidate Donald Trump raised $25 million during the The Bitcoin 2024 conference. Fox Business reporter Eleanor Terrett announced that… Continue reading Donald Trump raises $25M during Bitcoin 2024 conference
The post Donald Trump rais…",https://readwrite.com/donald-trump-raises-25m-during-bitcoin-2024-conference/,https://readwrite.com/wp-content/uploads/2024/07/21a7fe68-8fbd-44c2-8955-162a8d23f326.webp,2024-07-31T11:57:00Z,"Republican presidential candidate Donald Trump raised $25 million during the The Bitcoin 2024 conference.
Fox Business reporter Eleanor Terrett announced that Trump raised an undisclosed amount of f… [+1883 chars]",,ReadWrite
Alvin Hemedez,Gala Technical Analysis and Price Prediction – Will GALA Surge 40x in 2024?,"The GALA token had a strong bounce back last Monday after a big drop, making it a top altcoin to… Continue reading Gala Technical Analysis and Price Prediction – Will GALA Surge 40x in 2024?
The post Gala Technical Analysis and Price Prediction – Will GALA Su…",https://readwrite.com/gala-technical-analysis-and-price-prediction-will-gala-surge-40x-in-2024/,https://readwrite.com/wp-content/uploads/2024/07/gala-technical-analysis-and-price-prediction.jpg,2024-07-31T14:54:57Z,"The GALA token had a strong bounce back last Monday after a big drop, making it a top altcoin to buy. The question is, what caused this recovery?
In this article, we’ll examine Gala Games from both … [+6692 chars]",,ReadWrite
Alvin Hemedez,Last Chance to Join New AI-Powered Crypto Trading as Presale Ends in Hours,"As the WienerAI presale nears its final hours, with only four hours remaining, this might be the last opportunity to… Continue reading Last Chance to Join New AI-Powered Crypto Trading as Presale Ends in Hours
The post Last Chance to Join New AI-Powered Crypt…",https://readwrite.com/last-chance-to-join-new-ai-powered-crypto-trading-as-presale-ends-in-hours/,https://readwrite.com/wp-content/uploads/2024/07/last-chance-to-join-new-ai-crypto-trading-as-presale-ends-in-hours.jpg,2024-07-31T05:52:19Z,"As the WienerAI presale nears its final hours, with only four hours remaining, this might be the last opportunity to take a comprehensive look at this remarkable project before the presale ends.
Wit… [+3888 chars]",,ReadWrite
Alvin Hemedez,Tamagotchi-Inspired Crypto Presale Nears $6 Million – Could This Be the Next Big GameFi Project?,"A new, unique project combines play-to-earn mechanics with a nostalgic touch, drawing inspiration from the beloved Tamagotchi devices of the… Continue reading Tamagotchi-Inspired Crypto Presale Nears $6 Million – Could This Be the Next Big GameFi Project?
The…",https://readwrite.com/tamagotchi-inspired-crypto-presale-nears-6-million-could-this-be-the-next-big-gamefi-project/,https://readwrite.com/wp-content/uploads/2024/07/tamagotchi-inspired-crypto-presale-nears-6-million.jpg,2024-07-30T19:07:59Z,"A new, unique project combines play-to-earn mechanics with a nostalgic touch, drawing inspiration from the beloved Tamagotchi devices of the 90s.
Currently in its presale phase, PlayDoge has already… [+5280 chars]",,ReadWrite
James Spillane,Chimpzee Meme Coin Motivates People to Join Climate Fight with Passive Income Opportunities,"Chimpzee is encouraging more people to fight climate change and protect animals while allowing them to earn passive income. The… Continue reading Chimpzee Meme Coin Motivates People to Join Climate Fight with Passive Income Opportunities
The post Chimpzee Mem…",https://readwrite.com/chimpzee-meme-coin-motivates-people-to-join-climate-fight-with-passive-income-opportunities/,https://readwrite.com/wp-content/uploads/2024/07/Chimpzee-Helps-all-types-of-animals.jpg,2024-07-31T13:50:58Z,"Chimpzee is encouraging more people to fight climate change and protect animals while allowing them to earn passive income.
The platform uses blockchain to create different income opportunities for … [+4774 chars]",,ReadWrite
Michael Graw,"BlockDAG Leadership Raring to Go All the Way: Team Led by Antony Turner, Co-Founder of SwissOne Capital","In the world of cryptocurrency, strong leadership is crucial for success. Antony Turner, the CEO of BlockDAG, brings over two… Continue reading BlockDAG Leadership Raring to Go All the Way: Team Led by Antony Turner, Co-Founder of SwissOne Capital
The post Bl…",https://readwrite.com/blockdag-leadership-raring-to-go-all-the-way-team-led-by-antony-turner-co-founder-of-swissone-capital/,https://www.techopedia.com/wp-content/uploads/2024/07/image1-5-1.png,2024-07-30T14:57:01Z,"In the world of cryptocurrency, strong leadership is crucial for success. Antony Turner, the CEO of BlockDAG, brings over two decades of experience in various technology sectors, including Fintech, E… [+5248 chars]",,ReadWrite
Dean Takahashi,Movement Labs gets $160M commitment for blockchain mainnet,Movement Labs is the builder of a new blockchain network that takes advantage of the Move smart contract language.,https://venturebeat.com/games/movement-labs-gets-160m-commitment-for-blockchain-mainnet/,https://venturebeat.com/wp-content/uploads/2024/07/movement-2.jpg?w=1024?w=1200&strip=all,2024-07-30T15:00:00Z,"GamesBeat is excited to partner with Lil Snack to have customized games just for our audience! We know as gamers ourselves, this is an exciting way to engage through play with the GamesBeat content y… [+1923 chars]",,VentureBeat
Yousra Anwar Ahmed,What Happened in Crypto Today: Bullish Signals Are Finally Emerging!,"From Bitcoin bouncing back above 56K to permanent holders quietly scooping up BTCs, here is a 3-minute breakdown of everything important that happened in...",https://finance.yahoo.com/news/happened-crypto-today-bullish-signals-101605599.html,https://media.zenfs.com/en/coinmarketcap_783/872d2769b8fc1e2c4b485faa1bfad75c,2024-08-07T10:16:05Z,"What Happened in Crypto Today: Bullish Signals Are Finally Emerging!
It's been an interesting week in crypto, to put it mildly.
Just four days ago, when Bitcoin was hovering around $62K, we hinted … [+7004 chars]",,Yahoo Entertainment
,Bitcoin price crash: Why is the crypto market collapsing?,,https://consent.yahoo.com/v2/collectConsent?sessionId=1_cc-session_5f1ff72c-257b-4ef6-bc2a-c7c85f5106e9,,2024-08-05T14:29:22Z,"If you click 'Accept all', we and our partners, including 237 who are part of the IAB Transparency &amp; Consent Framework, will also store and/or access information on a device (in other words, use … [+678 chars]",,Yahoo Entertainment
Leo Schwartz,"As AI gobbles electricity, is now the time to buy unloved utility stocks?","Compared to the pricey stocks of Big Tech players like Nvidia and Microsoft, energy and electricity stocks are an affordable way to play the AI boom.",https://finance.yahoo.com/news/ai-gobbles-electricity-now-time-120000986.html,https://s.yimg.com/ny/api/res/1.2/xmKEs4ue0aZtCPrCufQGcg--/YXBwaWQ9aGlnaGxhbmRlcjt3PTEyMDA7aD04MDA-/https://media.zenfs.com/en/fortune_175/cab408c4cd5d187614f752431eba53b3,2024-08-04T12:00:00Z,"Ever since uttering the letters GPT became enough to summon a salivating venture capitalist, tech giants have been gobbling up electricity at the scale of small countries, consuming ever-greater powe… [+6168 chars]",,Yahoo Entertainment
Andrew R. Chow,Could a Crypto App Be the Answer for Struggling Restaurants?,"Ben Leventhal, co-founder of Eater and Resy, wants Blackbird to be a restaurant discovery app, payment system, and loyalty program.",https://time.com/7005516/crypto-ben-leventhal-blackbird-app-restaurants/,https://api.time.com/wp-content/uploads/2024/07/blackbird.jpg?quality=85&w=1200&h=628&crop=1,2024-07-31T18:52:05Z,"Since the pandemic upended dining habits, full-service restaurants have struggled to bring people back to their tables. Last year, about 4,500 more independent restaurants closed than opened, sufferi… [+10975 chars]",time,Time
"Geoffrey Skelley, Kaleigh Rogers, Nathaniel Rakich, Tia Yang","18 primaries to watch in Missouri, Michigan, Washington and Kansas","Tuesday's primary elections include notable governor, attorney general and U.S. House and Senate races in Michigan, Missouri, Washington and Kansas.",https://abcnews.go.com/538/18-primaries-watch-missouri-michigan-washington-kansas/story?id=112521481,https://i.abcnewsfe.com/a/7be6152f-0fcb-4f3b-94ac-08d06d2958e4/cori-bush-rt-jt-240802_1722636666732_hpMain_16x9.jpg?w=1600,2024-08-05T20:42:25Z,"We're getting oh so close to knowing who all the candidates on the November ballot will be, but even as the calendar has turned to August, about a third of all states still have yet to hold their pri… [+25313 chars]",abc-news,ABC News
Brooke Harrington,What a Broligarch Wants,The anti-democratic politics of having it all,https://www.theatlantic.com/ideas/archive/2024/08/tech-bro-male-billionaire-anti-democratic/679267/?utm_source=feed,,2024-08-04T10:00:00Z,"Eight years ago, the PayPal and Palantir co-founder Peter Thiel was an outlier in liberal Silicon Valley for publicly supporting Donald Trump. But now a number of prominent male tech plutocrats who p… [+8225 chars]",,The Atlantic
,Bitcoin Investors Buy Puts Aggressively,"Recent movements in the cryptocurrency market have drawn significant attention, particularly Bitcoin's volatility. After Bitcoin's price fell below $50,000, a",https://en.bitcoinhaber.net/bitcoin-investors-buy-puts-aggressively,https://en.bitcoinhaber.net/wp-content/uploads/2024/08/bitcoin-news-277.jpg,2024-08-07T08:28:23Z,"Recent movements in the cryptocurrency market have drawn significant attention, particularly Bitcoins volatility. After Bitcoins price fell below $50,000, a key volatility indicator for the cryptocur… [+2403 chars]",,Bitcoinhaber.net
Molly White,Coinbase appears to have violated campaign finance laws with 25M donation,"Actively involved in contract negotiations with a federal government agency, Coinbase was likely prohibited from making its $25 million contribution to the Fairshake crypto super PAC in May 2024.",https://www.citationneeded.news/coinbase-campaign-finance-violation/,https://www.citationneeded.news/content/images/2024/07/38826275042_ec5cde6eef_k.jpg,2024-07-30T21:21:02Z,"With $45.5 million in corporate contributions, American cryptocurrency exchange Coinbase is the largest donor to Fairshake: a newly-minted super PAC focused solely on installing political candidates … [+10647 chars]",,Citationneeded.news
,Bring Crypto Back to Currency,"The Problem Crypto becoming a commodity is the single stupidest thing to gain widespread popularity. It’s the paragon of post-neoclassical/postmodern economics. If Adam Smith saw NFTs he would shoot himself.
What I mean is that value is deconstructed to peopl…",https://rohan.ga/blog/bring-crypto-back-to_currency/,https://rohan.ga/images/share.png,2024-08-06T22:32:12Z,"The Problem
Crypto becoming a commodity is the single stupidest thing to gain widespread popularity. It’s the paragon of post-neoclassical/postmodern economics. If Adam Smith saw NFTs he would shoot… [+2310 chars]",,Rohan.ga
Phylum Research Team,70% of new NPM packages in last 6 months were spam,"Headed to Black Hat USA? Come talk to us in Start-Up City at SC203!




In April of this year, the Phylum Research Team revealed the proliferation of spam packages in npm associated with the Tea protocol, a decentralized initiative that promises to compensate…",https://blog.phylum.io/the-great-npm-garbage-patch/,https://blog.phylum.io/content/images/size/w1200/2024/08/garbage_patch.webp,2024-08-07T04:31:58Z,"Headed to Black Hat USA? Come talk to us in Start-Up City at SC203!
In April of this year, the Phylum Research Team revealed the proliferation of spam packages in npm associated with the Tea protoco… [+7577 chars]",,Phylum.io
,21 More AWS Services They Should Cancel,Please Amazon  kill these services too.,https://justingarrison.com/blog/2024-08-05-more-aws-services-they-should-cancel/,https://justingarrison.com/img/aws-cancel-services-banner.png,2024-08-05T17:28:12Z,"Posted on 
August 5, 2024
 • 
7 minutes
  •
1403 words
AWS has recently been silently removing services for new users.
They claim existing customers will not be affected for many of the servic… [+8200 chars]",,Justingarrison.com
"Marc Andreessen, Ben Horowitz",The Little Tech Agenda,"The time has come to stand up for Little Tech. Bad government policies are now the #1 threat to Little Tech. We believe American technology supremacy, and the critical role that Little Tech startups play in ensuring that supremacy, is a first class political …",http://a16z.com/the-little-tech-agenda/,https://d1lamhf6l6yk6d.cloudfront.net/uploads/2024/07/Little-Tech-Agenda-Facebook.jpg,2024-07-30T16:20:14Z,"Little Tech is our term for tech startups, as contrasted to Big Tech incumbents.
Little Tech has run independent of politics for our entire careers. But, as the old Soviet joke goes, You may not be … [+9397 chars]",,A16z.com
"Bidhan Roy, Marcos Villagra",GPU Restaking – Beyond digital currencies to physical computing resources,Filecoin Foundation and Bagel partners to take restaking beyond cryptocurrencies to physical computing resources.,https://blog.bagel.net/p/gpu-restaking,"https://substackcdn.com/image/fetch/w_1200,h_600,c_fill,f_jpg,q_auto:good,fl_progressive:steep,g_auto/https%3A%2F%2Fsubstack-post-media.s3.amazonaws.com%2Fpublic%2Fimages%2Fba85d11e-f3f2-4b9d-90d2-42a520e11988_4490x3175.png",2024-08-05T17:07:44Z,"Restaking multiplies the power of resources. It was originally derived from the concept of staking in blockchain networks, where users lock up digital currency to secure the network. Restaking extend… [+18161 chars]",,Bagel.net
Ben Lovejoy,"Mac malware posing as apps like Loom, LedgerLive, and Black Desert Online","A “sophisticated and alarming” Mac malware attack is being carried out in the guise of free versions of popular apps like the screen recording utility Loom, cryptocurrency manager LedgerLive, and MMO game Black Desert Online.



It appears to be a well-organi…",https://9to5mac.com/2024/08/02/mac-malware-loom-ledgerlive/,https://i0.wp.com/9to5mac.com/wp-content/uploads/sites/6/2024/08/Mac-malware-posing-as-Loom-and-other-apps.webp?resize=1200%2C628&quality=82&strip=all&ssl=1,2024-08-02T11:06:32Z,"A “sophisticated and alarming” Mac malware attack is being carried out in the guise of free versions of popular apps like the screen recording utility Loom, cryptocurrency manager LedgerLive, and MMO… [+2234 chars]",,9to5Mac
Ben Lovejoy,AI Studio lets Instagram users create AI versions of themselves,"Meta has launched AI Studio, a tool which allows Instagram users to create AI versions of themselves. The resulting AI can then chat with your followers on your behalf, an idea which couldn’t possibly go horribly wrong … 



 more…",https://9to5mac.com/2024/07/30/ai-studio/,https://i0.wp.com/9to5mac.com/wp-content/uploads/sites/6/2024/07/AI-Studio.jpg?resize=1200%2C628&quality=82&strip=all&ssl=1,2024-07-30T11:32:10Z,"Meta has launched AI Studio, a tool which allows Instagram users to create AI versions of themselves. The resulting AI can then chat with your followers on your behalf, an idea which couldn’t possibl… [+2441 chars]",,9to5Mac
Sponsored Post,CleanMyMac X: a Mac caring app to help you boost your Mac’s performance,"As you use your Mac every day, it can become sluggish due to the accumulation of cache, preference files, and unused apps that remain on the system. That’s where CleanMyMac X comes in. With CleanMyMac X, Mac users can delete system junk and even remove malwar…",https://9to5mac.com/2024/08/01/cleanmymac-x-boost-mac-performance/,https://i0.wp.com/9to5mac.com/wp-content/uploads/sites/6/2024/06/CleanMyMac-icon.jpg?resize=1200%2C628&quality=82&strip=all&ssl=1,2024-08-01T23:40:09Z,"As you use your Mac every day, it can become sluggish due to the accumulation of cache, preference files, and unused apps that remain on the system. That’s where CleanMyMac X comes in. With CleanMyMa… [+3841 chars]",,9to5Mac
Reuters,California DMV puts 42 million car titles on blockchain to fight fraud,"Filed under:
 Technology
 Continue reading California DMV puts 42 million car titles on blockchain to fight fraud
California DMV puts 42 million car titles on blockchain to fight fraud originally appeared on Autoblog on Tue, 30 Jul 2024 11:13:00 EDT. Please s…",https://www.autoblog.com/2024/07/30/california-dmv-puts-42-million-car-titles-on-blockchain-to-fight-fraud/,https://edgecast-img.yahoo.net/mysterio/api/8E682341DD2825E7838B9990A09E7C86EF2745EAE5996FB98007A42CEA9312B4/autoblog/resizefill_w1200_h675;quality_85;format_webp;cc_31536000;/https://s.aolcdn.com/images/dims3/GLOB/crop/7693x4327 0 804/resize/1200x675/format/jpg/quality/100/https://s.aolcdn.com/os/ab/_cms/2024/07/30111304/dmv_office_in_fullerton_california_front_of_building.jpeg,2024-07-30T15:13:00Z,"California's Department of Motor Vehicles (DMV) has digitized 42 million car titles using blockchain technology in a bid to detect fraud and smoothen the title transfer process, the agency and its te… [+1505 chars]",,Autoblog
Insider,Trump says he has 'no choice' but to support EVs after Elon Musk's endorsement,"Filed under:
 Government/Legal,Green
 Continue reading Trump says he has 'no choice' but to support EVs after Elon Musk's endorsement
Trump says he has 'no choice' but to support EVs after Elon Musk's endorsement originally appeared on Autoblog on Sun, 4 Aug …",https://www.autoblog.com/2024/08/04/trump-no-choice-support-electric-vehicles-elon-musk-endorsed/,https://edgecast-img.yahoo.net/mysterio/api/00E97AE9658A4570647847018502C89D5884E92071AE6E8815B61AE917095B6D/autoblog/resizefill_w1200_h675;quality_85;format_webp;cc_31536000;/https://s.aolcdn.com/images/dims3/GLOB/crop/803x452 0 0/resize/1200x675/format/jpg/quality/100/https://media.zenfs.com/en/business_insider_articles_888/daf6709f14220278d394e05b8a61b103,2024-08-04T18:35:00Z,"Elon Musk, center, meets Donald Trump in the White House in 2017.BRENDAN SMIALOWSKI/Getty Images
Former President Donald Trump said he had ""no choice"" but to support electric vehicles after Tesla CE… [+2782 chars]",,Autoblog
CoinDesk,Nvidia Becoming More Volatile Than Bitcoin and Ether,"Nvidia is expected to see more significant price swings than bitcoin and ether. The stock's 30-day options implied volatility, a gauge of anticipated price...",https://finance.yahoo.com/video/nvidia-becoming-more-volatile-bitcoin-160019799.html,https://media.zenfs.com/en/coindesk_75/ba4c53629f204a13b105c92151481211,2024-07-31T16:00:19Z,"Nvidia is expected to see more significant price swings than bitcoin and ether. The stock's 30-day options implied volatility, a gauge of anticipated price swings over four weeks, has recently surged… [+124 chars]",,Yahoo Entertainment
,Ultratheft,"Colin Kaepernick getting into turnkey IP theft reminds me a little bit of when people were taking the FTX money. They couldn't really have understood everything that went into that decision, and I think it's more or less the same thing here. ""AI"" is a variety…",https://www.penny-arcade.com/news/post/2024/08/07/ultratheft,https://assets.penny-arcade.com/img/logo_opengraph.jpg,2024-08-07T17:13:00Z,"Colin Kaepernick getting into turnkey IP theft reminds me a little bit of when people were taking the FTX money. They couldn't really have understood everything that went into that decision, and I th… [+2522 chars]",,Penny-arcade.com
news@appleinsider.com (Andrew Orr),Google Ads used to distribute Mac malware disguised as 'Loom' app,"Experts recently discovered a macOS stealer malware disguised as the popular screen recording app Loom, spread through deceptive Google-sponsored URLs.Crazy Evil malwareMoonlock Lab found a sophisticated macOS stealer malware disguised as Loom, orchestrated b…",https://appleinsider.com/articles/24/08/02/google-ads-used-to-distribute-mac-malware-disguised-as-loom-app,https://photos5.appleinsider.com/gallery/60583-124665-virus-malware-xl.jpg,2024-08-02T17:30:34Z,"Crazy Evil malware
Experts recently discovered a macOS stealer malware disguised as the popular screen recording app Loom, spread through deceptive Google-sponsored URLs.
Moonlock Lab found a sophi… [+3330 chars]",,AppleInsider
Jessica Lyons,UK crimebusters shut down global call-spoofing outfit that claimed 170K-plus victims,"Suspected devs behind Russian Coms cuffed – now to find the users of the nastyware
The UK's National Crime Agency (NCA) has shut down an outfit called Russian Coms – a call-spoofing service believed to have swindled hundreds of thousands of victims.…<!--#incl…",https://www.theregister.com/2024/08/02/russian_coms_phone_spoofing_service_shutdown/,https://regmedia.co.uk/2024/08/01/uk_nca_cops_russian_coms.jpg,2024-08-02T06:40:10Z,"The UK's National Crime Agency (NCA) has shut down an outfit called Russian Coms a call-spoofing service believed to have swindled hundreds of thousands of victims.
The agency also arrested at least… [+3597 chars]",,Theregister.com
Philip Bates,What Is Extortionware and How Does It Differ From Ransomware?,Malware used to extort material from victims can be considered extortionware. So what's the difference between that and ransomware?,https://www.makeuseof.com/what-is-extortionware-differ-ransomware/,https://static1.makeuseofimages.com/wordpress/wp-content/uploads/2024/08/a-man-in-a-hoodie-holding-a-puppet-with-some-warning-signs-around-him.jpg,2024-08-06T17:00:12Z,"Key Takeaways
<ul><li>
 Extortionware is malware used to extort victims, stealing sensitive data for threats.
 </li><li>
 Extortionware includes ransomware, sextortion, doxing, and DDoS attacks.… [+5286 chars]",,MakeUseOf
Kristen Hilderman,Why CleanMyMac X Is a Safe Tool and a Must-Have for Your Mac Maintenance Needs,This post is sponsored by CleanMyMac X.,https://www.makeuseof.com/cleanmymac-x-mac-maintenance/,https://static1.makeuseofimages.com/wordpress/wp-content/uploads/2024/07/cleanmymac-x.png,2024-08-01T16:00:17Z,"This article is sponsored by CleanMyMac X. Product choices and opinions expressed are from the sponsor and do not reflect the views of MakeUseOf editorial staff.
If the name CleanMyMac X sounds fami… [+7782 chars]",,MakeUseOf
Iain Thomson,Billion-dollar bust as international op shutters Cryptonator wallet,"Chap named 'Roman Boss' accused of being just that at a cryptocash laundering outfit
Users of Cryptonator – an online digital wallet and cryptocurrency exchange – received an unpleasant surprise last weekend after the service was shuttered in a combined opera…",https://www.theregister.com/2024/08/06/cryptonator_closure_international_operation/,https://regmedia.co.uk/2024/08/05/cryptonator.jpg,2024-08-06T06:30:08Z,"Users of Cryptonator an online digital wallet and cryptocurrency exchange received an unpleasant surprise last weekend after the service was shuttered in a combined operation run by the FBI, the US I… [+3015 chars]",,Theregister.com
Laura Dobberstein,China stops worrying about lack of GPUs and learns to love the supercomputer,"The workaround is going to be inevitable in the future anyway, say Chinese boffins
Leading Chinese computer scientists have suggested the nation can build large language models without imported GPUs, by using supercomputers instead.…",https://www.theregister.com/2024/07/31/china_supercomputer_not_gpu_plan/,https://regmedia.co.uk/2021/09/27/china_shutterstock.jpg,2024-07-31T06:59:25Z,"Leading Chinese computer scientists have suggested the nation can build large language models without imported GPUs, by using supercomputers instead.
This was the belief expressed at the 2024 China … [+3964 chars]",,Theregister.com
Calvin Wankhede,"How much energy does ChatGPT consume? More than you think, but it’s not all bad news","ChatGPT and other AIs consume as much energy as thousands of US households, and demand is only set to rise, but it's a fraction of other tech.",https://www.androidauthority.com/chatgpt-energy-consumption-3466882/,https://www.androidauthority.com/wp-content/uploads/2021/08/Crypto-mining-with-GPU-stock-image-2.jpg,2024-08-04T17:00:54Z,"Everything comes at a cost, and AI is no different. While ChatGPT and Gemini may be free to use, they require a staggering amount of computational power to operate. And if that wasnt enough, Big Tech… [+6371 chars]",,Android Authority
BrianKrebs,U.S. Trades 5 Cybercriminals to Russia in Prisoner Swap,"Twenty-four prisoners were freed today in an international prisoner swap between Russia and Western countries. Among the eight Russians repatriated were five convicted cybercriminals. In return, Russia has reportedly released 16 prisoners, including Wall Stre…",https://krebsonsecurity.com/2024/08/u-s-trades-5-cybercriminals-to-russia-in-prisoner-swap/,https://krebsonsecurity.com/wp-content/uploads/2017/12/seleznevcash.png,2024-08-02T00:15:44Z,"Twenty-four prisoners were freed today in an international prisoner swap between Russia and Western countries. Among the eight Russians repatriated were five convicted cybercriminals. In return, Russ… [+4957 chars]",,Krebs on Security
BrianKrebs,Cybercrime Rapper Sues Bank over Fraud Investigation,"In January, KrebsOnSecurity wrote about rapper Punchmade Dev, whose music videos sing the praises of a cybercrime lifestyle. That story showed how Punchmade's social media profiles promoted Punchmade-themed online stores selling bank account and payment card …",https://krebsonsecurity.com/2024/08/cybercrime-rapper-sues-bank-over-fraud-investigation/,https://krebsonsecurity.com/wp-content/uploads/2024/01/punchmadecardskim.png,2024-08-07T19:01:49Z,"A partial selfie posted by Puchmade Dev to his Twitter account. Yes, that is a functioning handheld card skimming device, encrusted in diamonds. Underneath that are more medallions, including a diamo… [+6506 chars]",,Krebs on Security
Keegan Kelly,The Newest ‘Futurama’ Episode’s NFT Jokes Were Already Old Last Season,"In its latest season premiere, ‘Futurama’ forces us to remember that NFTs still exist",https://www.cracked.com/article_43050_the-newest-futurama-episodes-nft-jokes-were-already-old-last-season.html,https://s3.crackedcdn.com/phpimages/article/2/5/1/1124251.jpg,2024-07-30T22:00:00Z,"The comedy show thats supposed to be a full millennium ahead of modern society probably shouldnt be playing catch-up with Twitter over tech jokes.
Don't Miss
Remember back in late 2021 when an inte… [+3619 chars]",,Cracked.com
info@thehackernews.com (The Hacker News),Cybercriminals Deploy 100K+ Malware Android Apps to Steal OTP Codes,"A new malicious campaign has been observed making use of malicious Android apps to steal users' SMS messages since at least February 2022 as part of a large-scale campaign.
The malicious apps, spanning over 107,000 unique samples, are designed to intercept on…",https://thehackernews.com/2024/07/cybercriminals-deploy-100k-malware.html,https://blogger.googleusercontent.com/img/b/R29vZ2xl/AVvXsEhrDlNv83K2Fk9JRUmUzj7vTxGe0G2GJEOQ3qujpqVxnpPRHhXSNiXQg-BS44bN-hSva8piPrSPZFpj4SlzDzbC2LKaA2iySvT7-vMkg3uiWXdODznr3RqlJPsB5eiMSeaTfpby_2k1enXFQXlvGCXM7-RNx07zJE45ciM_lalUqmH3mFROjErqPiCcmWTf/s728-rw-e365/anroid.png,2024-07-31T10:01:00Z,"A new malicious campaign has been observed making use of malicious Android apps to steal users' SMS messages since at least February 2022 as part of a large-scale campaign.
The malicious apps, spann… [+4039 chars]",,Internet
Andy Maxwell,"Pirate IPTV Ops See Damages Reduced By $7m, Admin Panel Evidence Fell Short","After years of plain sailing followed by several years of bad luck, two convicted IPTV operators in Sweden were sentenced to prison and ordered to pay rightsholders $18m in damages. On appeal, the men successfully argued that the amount was excessive and base…",https://torrentfreak.com/pirate-iptv-ops-see-damages-reduced-by-7m-admin-panel-evidence-fell-short-240731/,https://torrentfreak.com/images/iptv2-long-f1.png,2024-07-31T08:18:20Z,"After receiving an anonymous tip in 2019, anti-piracy group Nordic Content Protection (NCP), and members including pay-TV company C More (previously Canal+), Warner Bros. Discovery and streaming serv… [+3929 chars]",,Torrentfreak.com
info@thehackernews.com (The Hacker News),INTERPOL Recovers $41 Million in Largest Ever BEC Scam in Singapore,"INTERPOL said it devised a ""global stop-payment mechanism"" that helped facilitate the largest-ever recovery of funds defrauded in a business email compromise (BEC) scam. 
The development comes after an unnamed commodity firm based in Singapore fell victim to …",https://thehackernews.com/2024/08/interpol-recovers-41-million-in-largest.html,https://blogger.googleusercontent.com/img/b/R29vZ2xl/AVvXsEi5tpEjr4e5FdSHBmR7eORC-zCMZQx06KAMUWlI5ItVy8AiPp27A5grLLDkzmEE99N0htD4u096fWEsAortG4XDOHjPLvDjgWnKO3Y8_NvYeYs2t5KePPQ2c82YuEytAr9nerrPJW1uzLpFSjSTLCHm7__cFflrkwM3QJgBRagVYLoxv37f7w3Mk53llMHF/s728-rw-e365/bec-scam.png,2024-08-06T16:10:00Z,"INTERPOL said it devised a ""global stop-payment mechanism"" that helped facilitate the largest-ever recovery of funds defrauded in a business email compromise (BEC) scam. 
The development comes after… [+4087 chars]",,Internet
"Ehsan Noroozinejad, Seyedali Mirjalili",AI promises to solve Earth's big environmental problems—but there's a hitch,"Artificial intelligence (AI) has revolutionized our lives in myriad ways, from personalizing our social media feeds to giving us driving directions and monitoring our health.",https://phys.org/news/2024-08-ai-earth-big-environmental-problems.html,https://scx2.b-cdn.net/gfx/news/hires/2024/brain-and-ai.jpg,2024-08-06T16:26:16Z,"Artificial intelligence (AI) has revolutionized our lives in myriad ways, from personalizing our social media feeds to giving us driving directions and monitoring our health.
In recent years, hopes … [+6199 chars]",,Phys.Org
Vinamrata Chaturvedi,"Bitcoin, Ether, XRP, and more: Crypto to watch this week","The cryptocurrency market is in turmoil amid widespread investor panic and looming recession fears. Yet, despite the downturn in the crypto market, some experts are suggesting that now is the time to buy. Read more...",https://qz.com/bitcoin-ether-xrp-top-crypto-to-watch-this-week-1851613186,"https://i.kinja-img.com/image/upload/c_fill,h_675,pg_1,q_80,w_1200/647f3788ccf88d3e56d80d4bb6cbe098.jpg",2024-08-05T15:14:54Z,"Solana, an Ether rival, has fallen over 40% in the last week. The blockchain network hosts many decentralized applications, or dApps, and is known for its speed and cost efficiency. Investors are clo… [+127 chars]",,Quartz India
Vinamrata Chaturvedi,"BlackRock, Coinbase, and more are taking tokenized funds mainstream — but what are they?","The tokenization of real-world assets or funds has become a popular trend among cryptocurrency enthusiasts. Last week, the asset management division of Coinbase, a U.S.-listed cryptocurrency exchange, announced the creation of a tokenized money-market fund.Re…",https://qz.com/tokenization-of-funds-blackrock-coinbase-1851610125,"https://i.kinja-img.com/image/upload/c_fill,h_675,pg_1,q_80,w_1200/8e49d2cca0303e33c65e9a7a3818e309.jpg",2024-08-02T09:00:00Z,"The tokenization of real-world assets or funds has become a popular trend among cryptocurrency enthusiasts. Last week, the asset management division of Coinbase, a U.S.-listed cryptocurrency exchange… [+4111 chars]",,Quartz India
William Gavin,Donald Trump's latest crypto play: $500 Bitcoin sneakers,A company owned by Donald Trump is selling a limited run of $500 sneakers naming the former president and current Republican nominee the “Crypto President” as he continues his outreach to cryptocurrency fans. Read more...,https://qz.com/donald-trump-crypto-bitcoin-sneakers-election-big-tech-1851609969,"https://i.kinja-img.com/image/upload/c_fill,h_675,pg_1,q_80,w_1200/4edb49ea1df704c0a6e94a8145e257ac.webp",2024-07-31T16:38:00Z,A company owned by Donald Trump is selling a limited run of $500 sneakers naming the former president and current Republican nominee the Crypto President as he continues his outreach to cryptocurrenc… [+2784 chars],,Quartz India
William Gavin,California's DMV is using the blockchain to prevent fraud,California’s Department of Motor Vehicles is taking a new step to prevent fraud — simply uploading 42 million car titles to the blockchain. Read more...,https://qz.com/california-dmv-blockchain-car-title-fraud-ava-labs-web3-1851609271,"https://i.kinja-img.com/image/upload/c_fill,h_675,pg_1,q_80,w_1200/807161ca32697465aafa6ca492acb8a8.jpg",2024-07-30T19:37:00Z,"Californias Department of Motor Vehicles is taking a new step to prevent fraud simply uploading 42 million car titles to the blockchain. 
The DMV partnered with tech company Oxhead Alpha to put the … [+2014 chars]",,Quartz India
Vinamrata Chaturvedi,"Coinbase stock is rallying on revenue, and MicroStrategy is piling up Bitcoin","Coinbase and MicroStrategy, two major crypto-focused firms, released their earnings on Thursday after the closing bell. Crypto exchange Coinbase reported better-than-expected revenue, whereas business intelligence company MicroStrategy, which uses Bitcoin as …",https://qz.com/coinbase-microstrategy-earnings-reports-1851611440,"https://i.kinja-img.com/image/upload/c_fill,h_675,pg_1,q_80,w_1200/7f8e9348b0b4c1e1acf8651758b54670.jpg",2024-08-01T22:30:00Z,"Coinbase and MicroStrategy, two major crypto-focused firms, released their earnings on Thursday after the closing bell. Crypto exchange Coinbase reported better-than-expected revenue, whereas busines… [+1837 chars]",,Quartz India
Vinamrata Chaturvedi,"Bitcoin plunges from $70,000 to $50,000 in just a week. Here's what happened","A broad weekend selloff continued on Monday morning, causing widespread panic in the crypto market as Bitcoin’s price plummeted from $70,000 to $50,000 in just a week. In the past 24 hours, the leading cryptocurrency has declined by over 15%, and over 26% in …",https://qz.com/bitcoin-bloodbath-price-drops-50-000-1851613015,"https://i.kinja-img.com/image/upload/c_fill,h_675,pg_1,q_80,w_1200/9db5937f47f217865c878ee479ec1cf4.jpg",2024-08-05T12:21:00Z,"A broad weekend selloff continued on Monday morning, causing widespread panic in the crypto market as Bitcoins price plummeted from $70,000 to $50,000 in just a week. In the past 24 hours, the leadin… [+1238 chars]",,Quartz India
Vinamrata Chaturvedi,"Bitcoin tanks to $66,000 ahead of nail-biter tech earnings","Bitcoin dropped to $66,000 from nearly $70,000 in a day amidst speculations of tech stock sell-offs this week. On Tuesday, Microsoft and Advanced Micro Devices will report earnings after the bell, followed by Meta’s earnings on Wednesday after the market clos…",https://qz.com/bitcoin-drops-amid-tech-stock-sell-offs-1851608683,"https://i.kinja-img.com/image/upload/c_fill,h_675,pg_1,q_80,w_1200/b7446ae13f8837aed3285f3ad3aa6e5c.jpg",2024-07-30T14:20:00Z,"Bitcoin dropped to $66,000 from nearly $70,000 in a day amidst speculations of tech stock sell-offs this week. On Tuesday, Microsoft and Advanced Micro Devices will report earnings after the bell, fo… [+1675 chars]",,Quartz India
Rocio Fabbro,"Dow, S&P 500, and Nasdaq futures are up again after global stock market chaos",Major indices appear to be in correction after a global stock sell-off roiled the markets on Monday.Read more...,https://qz.com/stock-market-dow-sp-500-nasdaq-futures-nikkei-1851614039,"https://i.kinja-img.com/image/upload/c_fill,h_675,pg_1,q_80,w_1200/c6c8791cf33103a6956be7d2ff199156.jpg",2024-08-06T12:35:00Z,"Major indices appear to be in correction after a global stock sell-off roiled the markets on Monday.
S&amp;P 500 futures rose 0.45% on Tuesday morning, after the index saw its worst day since 2022; … [+1967 chars]",,Quartz India
Vinamrata Chaturvedi,"The Dow futures fall over 1,200 points as the global market downturn worsens","The stock market experienced a massive global sell-off on Monday morning, shortly before opening, with the Dow dropping over 1,100 points and the Nasdaq losing over 1,000 points.Read more...",https://qz.com/dow-fall-over-1-200-points-amid-global-market-downturn-1851613040,"https://i.kinja-img.com/image/upload/c_fill,h_675,pg_1,q_80,w_1200/425036e0ff5a893bdd21b5cfd82b9f95.jpg",2024-08-05T13:35:00Z,"The stock market experienced a massive global sell-off, with the Dow dropping over 1,100 points and the Nasdaq losing over 800 points shortly after the market opened on Monday.
The bloodbath in the … [+2030 chars]",,Quartz India
Quartz Bot,"Weekend Business News Roundup August 03, 2024",McDonald’s is hoping it can get diners back with a new big burger it has dubbed the “Big Arch.”Read more...,https://qz.com/weekend-business-news-roundup-august-03-2024-1851612067,"https://i.kinja-img.com/image/upload/c_fill,h_675,pg_1,q_80,w_1200/223b443d30a5522eefb048b66ce7da90.jpg",2024-08-03T13:00:00Z,"Californias Department of Motor Vehicles is taking a new step to prevent fraud simply uploading 42 million car titles to the blockchain. 
The DMV partnered with tech company Oxhead Alpha to put the … [+266 chars]",,Quartz India
Quartz Bot,"Weekend Money Markets Roundup August 03, 2024","A day after rallying due to the Fed’s softened tone on interest rates, stocks plummeted again on Thursday as unemployment is growing faster than expected. By the end of the day, the Dow Jones Industrial Average shed nearly 500 points, or 1.2%, to 40,346. The …",https://qz.com/weekend-money-markets-roundup-august-03-2024-1851612068,"https://i.kinja-img.com/image/upload/c_fill,h_675,pg_1,q_80,w_1200/fd0a2b9d1c1eec8fba69cbae1de72eb1.jpg",2024-08-03T13:00:00Z,"Coinbase and MicroStrategy, two major crypto-focused firms, released their earnings on Thursday after the closing bell. Crypto exchange Coinbase reported better-than-expected revenue, whereas busines… [+136 chars]",,Quartz India
Rocio Fabbro,Trading platforms are down amid global stock turmoil,"Traders are grappling with technical problems on several big online trading platforms, as global stock markets entered into a rout Monday.Read more...",https://qz.com/trading-platforms-stock-market-schwab-fidelity-1851613157,"https://i.kinja-img.com/image/upload/c_fill,h_675,pg_1,q_80,w_1200/605f3eafa758aa33048d1de77224d4d5.jpg",2024-08-05T14:55:00Z,"Traders are grappling with technical problems on several big online trading platforms, as global stock markets entered into a rout Monday.
Charles Schwab, Fidelity, Vanguard, and TD Ameritrade all e… [+1694 chars]",,Quartz India
William Gavin,"Marc Cuban, Reid Hoffman lead venture capital push for Harris: 'Not all VCs have turned MAGA'",More than 215 venture capitalists on Wednesday pledged their support for Vice President Kamala Harris’s presidential campaign and asked fellow tech leaders to “show founders that not all VCs have turned MAGA.”Read more...,https://qz.com/venture-capital-marc-cuban-support-kamala-harris-trump-1851610194,"https://i.kinja-img.com/image/upload/c_fill,h_675,pg_1,q_80,w_1200/46d654e3d0317d5011a05bacdff1489b.jpg",2024-07-31T19:40:00Z,More than 215 venture capitalists on Wednesday pledged their support for Vice President Kamala Harriss presidential campaign and asked fellow tech leaders to show founders that not all VCs have turne… [+2050 chars],,Quartz India
Rocio Fabbro,What analysts are saying about Monday's market mess,"The global stock market declined sharply on Monday over concerns about the health of the U.S. economy. But amid the chaos, analysts are calling for calm.Read more...",https://qz.com/stock-market-sell-off-trading-analysts-tech-banking-1851613586,"https://i.kinja-img.com/image/upload/c_fill,h_675,pg_1,q_80,w_1200/6b5e618557715710b4e174866a20c30f.jpg",2024-08-05T19:50:00Z,"The global stock market declined sharply on Monday over concerns about the health of the U.S. economy. But amid the chaos, analysts are calling for calm.
Wall Streets fear index (the VIX) soared as … [+3098 chars]",,Quartz India
Laura Bratton,Quartz tried Meta's new AI Studio. Things got weird,"Meta this week said it’s rolling out its new AI Studio, which allows users to build AI bots without any tech experience. Quartz checked out some of the characters.Read more...",https://qz.com/meta-ai-studio-chatbots-no-tech-experience-weird-1851609994,"https://i.kinja-img.com/image/upload/c_fill,h_675,pg_1,q_80,w_1200/ee508ce1b476216c4fc11ca471eb8ca4.webp",2024-07-31T17:04:00Z,"Meta this week said its rolling out its new AI Studio, which allows users to build AI bots without any tech experience. Quartz checked out some of the characters.
Users can access AI Studio on Metas… [+4064 chars]",,Quartz India
Sunil Jagtiani,Big Tech Beats Bitcoin as Unwinding Trump Trade Weighs on Token,(Bloomberg) -- Bitcoin missed out on a cross-asset rally stoked by dovish Federal Reserve comments as a tightening US election race casts doubt on whether...,https://finance.yahoo.com/news/big-tech-beats-bitcoin-unwinding-051155943.html,https://media.zenfs.com/en/bloomberg_technology_68/53efcfbda8b60cabcbea7a0de1919e71,2024-08-01T05:11:55Z,(Bloomberg) -- Bitcoin missed out on a cross-asset rally stoked by dovish Federal Reserve comments as a tightening US election race casts doubt on whether Donald Trump will get the chance to implemen… [+2412 chars],,Yahoo Entertainment
Rob Verdonck,Asian Stocks to Resume Drop in Rollercoaster Trade: Markets Wrap,(Bloomberg) -- Stocks in Asia are set to resume declines following a frenzy of dip buying that fueled a rebound in most markets across the globe on Tuesday. ...,https://finance.yahoo.com/news/asian-stocks-resume-drop-rollercoaster-223807295.html,https://media.zenfs.com/en/bloomberg_technology_68/4fb6e6b7b802d13c89f9ffa3b9fcdbb1,2024-08-06T22:38:07Z,"(Bloomberg) Stocks in Asia are set to resume declines following a frenzy of dip buying that fueled a rebound in most markets across the globe on Tuesday. US futures fell in early trading.
Most Read … [+5422 chars]",,Yahoo Entertainment
Jason Scott and Rita Nazareth,Japan Stocks Poised for Rebound; US Futures Rise: Markets Wrap,"(Bloomberg) -- Japan equities are set to regain some ground after suffering the biggest hit in Monday’s global rout, which wiped out billions across markets ...",https://finance.yahoo.com/news/japan-stocks-poised-rebound-us-232530129.html,https://media.zenfs.com/en/bloomberg_technology_68/b660098c9cf462cc23ccab711b543b08,2024-08-05T23:25:30Z,"(Bloomberg) -- Japan equities are set to regain some ground after suffering the biggest hit in Mondays global rout, which wiped out billions across markets from New York to London. US equity futures … [+8588 chars]",,Yahoo Entertainment
Richard Henderson,"Stocks Rally on Fed Cut Hopes, Yen Strengthens: Markets Wrap",(Bloomberg) -- Equities in Asia were primed to broadly track US stocks higher Thursday on firming signs the Federal Reserve will soon cut interest rates...,https://finance.yahoo.com/news/stocks-rally-fed-cut-hopes-224030783.html,https://media.zenfs.com/en/bloomberg_technology_68/9a1785b5135b638bf967bf13ea62af0f,2024-07-31T22:40:30Z,(Bloomberg) -- Equities in Asia were primed to broadly track US stocks higher Thursday on firming signs the Federal Reserve will soon cut interest rates. Japan was an outlier as stock futures fell to… [+4440 chars],,Yahoo Entertainment
Reuters,"Morning Bid: Rollercoaster markets, Nikkei rebounds 10%",The speed and scale of Tuesday's 10% Tokyo bounce after its worst day in 37 years suggests the wild global market swings of the past week are more rooted in ...,https://finance.yahoo.com/news/morning-bid-rollercoaster-markets-nikkei-100733901.html,https://media.zenfs.com/en/reuters-finance.com/1dfdea76461a403c75419247fb6a8421,2024-08-06T10:07:33Z,"A look at the day ahead in U.S. and global markets from Mike Dolan
The speed and scale of Tuesday's 10% Tokyo bounce after its worst day in 37 years suggests the wild global market swings of the pas… [+4752 chars]",,Yahoo Entertainment
Richard Henderson,Asian Stocks to Echo US Decline as Bonds Rally: Markets Wrap,(Bloomberg) -- Asian equities were primed for selling Friday following declines on Wall Street that reflected unease on the health of the US economy and sent...,https://finance.yahoo.com/news/asian-stocks-echo-us-decline-224121227.html,https://media.zenfs.com/en/bloomberg_technology_68/0336f577d37311d5cbfb27834e84bc38,2024-08-01T22:41:21Z,"(Bloomberg) -- Asian equities were primed for selling Friday following declines on Wall Street that reflected unease on the health of the US economy and sent Treasuries higher.
Most Read from Bloomb… [+4056 chars]",,Yahoo Entertainment
Erin Hale,"After OnlyFans, AI ‘girlfriends’ are tech’s next pitch to lonely men",AI-powered companions are a growing industry amid rising loneliness and disillusionment with modern dating.,https://www.aljazeera.com/economy/2024/8/2/after-onlyfans-ai-girlfriends-are-techs-next-pitch-to-lonely-men,https://www.aljazeera.com/wp-content/uploads/2024/08/jenny2-1-1722494668_cd744a-1722570220.jpg?resize=1200%2C630&quality=80,2024-08-02T05:09:30Z,"At first glance, Jenny looks like a young, attractive Asian-American woman with a penchant for posting flirty photos and captions on her X account.
Even if some of her features look a little enhance… [+18517 chars]",al-jazeera-english,Al Jazeera English
Peter,"Samsung adds Private Sharing mode to Quick Share, E2E encryption for backups, synced data","Samsung’s Knox security suite has gained two new features – Private Sharing and E2E encrypted cloud backups. Here’s how they work.

Private Sharing is a new option in the Quick Share menu. Just tap the “…” button in the top right corner and choose Turn on Pri…",https://www.gsmarena.com/samsung_adds_private_sharing_mode_to_quick_share_e2e_encryption_for_backups_synced_data-news-63929.php,https://fdn.gsmarena.com/imgroot/news/24/07/samsung-knox-private-sharing-e2e-encrypted-backups/-952x498w6/gsmarena_000.jpg,2024-07-31T19:41:01Z,"Samsungs Knox security suite has gained two new features Private Sharing and E2E encrypted cloud backups. Heres how they work.
Private Sharing is a new option in the Quick Share menu. Just tap the b… [+1624 chars]",,GSMArena.com
Science X,New study helps global multinational corporations weigh pros and cons of implementing blockchain technology,"Blockchain technology has become one of the most hyped advancements in recent years, but there hasn't been a clear understanding of the potential tradeoffs for its use by multinational corporations (MNCs). A new study published in the Global Strategy Journal …",https://phys.org/news/2024-08-global-multinational-corporations-pros-cons.html,https://scx2.b-cdn.net/gfx/news/hires/2024/new-study-helps-global.jpg,2024-08-06T19:48:17Z,"Blockchain technology has become one of the most hyped advancements in recent years, but there hasn't been a clear understanding of the potential tradeoffs for its use by multinational corporations (… [+4232 chars]",,Phys.Org
Christian Löbering,How Bitcoin’s founder disappeared because of PCWorld,"As a media brand, especially in the tech sector, you are rarely actively involved in a historical moment. Even less frequently, you’re the trigger for that moment. But PCWorld unintentionally found itself in just that position, creating computer history back …",https://www.pcworld.com/article/2406734/how-bitcoins-founder-disappeared-because-of-pcworld.html,https://www.pcworld.com/wp-content/uploads/2024/08/wikileaks_article-5.jpg?quality=50&strip=all&w=1024,2024-08-02T13:04:51Z,"Skip to contentType your search and hit enter
When you purchase through links in our articles, we may earn a small commission. This doesn't affect our editorial independence
.
As a media brand, es… [+2795 chars]",,PCWorld
Liliana Segura,Bitcoin Bros and the MAGA Faithful Converge in Nashville — and Embrace an Alternate Reality,"Weeks after neo-Nazis marched through the city, attendees at a bitcoin conference laughed off Trump’s racism and authoritarianism.
The post Bitcoin Bros and the MAGA Faithful Converge in Nashville — and Embrace an Alternate Reality appeared first on The Inter…",https://theintercept.com/2024/08/03/trump-nashville-bitcoin-conference/,https://theintercept.com/wp-content/uploads/2024/08/GettyImages-2163284570-e1722604851777.jpg?fit=6690%2C3345&w=1200&h=800,2024-08-03T10:00:00Z,"It was an hour before the motorcade was set to arrive in downtown Nashville, and the lady in the Trump Save America T-shirt was explaining why she hates Kamala Harris. Im not meaning to say Im a prej… [+14517 chars]",,The Intercept
Malcolm Harris,Tech Billionaires Love Trump Now — Because He’s One of Them,"Silicon Valley’s right-wing history goes back over 100 years; Donald Trump is a perfect avatar for their power play.
The post Tech Billionaires Love Trump Now — Because He’s One of Them appeared first on The Intercept.",https://theintercept.com/2024/08/07/silicon-valley-tech-billionaires-president-trump/,https://theintercept.com/wp-content/uploads/2024/08/GettyImages-2162187243-e1723059195972.jpg?fit=2140%2C1068&w=1200&h=800,2024-08-07T19:57:10Z,"Donald Trump and J.D. Vance on the first day of the Republican National Convention on July 15, 2024, in Milwaukee, Wis.Photo: Leon Neal/Getty Images
Silicon Valley has gone MAGA.
GOP vice president… [+10934 chars]",,The Intercept
kcloonan@insider.com (Kelly Cloonan),Stock market today: Indexes tank as data paints a negative picture for the economy,Stock indexes tanked Thursday as new data shows jobless claims are on the rise while manufacturing and construction both slowed.,https://markets.businessinsider.com/news/stocks/stock-indexes-jobless-claims-manufacturing-ism-home-construction-mortgage-rates-2024-8,https://i.insider.com/66abe9a4b4912df3ae185614?width=1200&format=jpeg,2024-08-01T20:26:15Z,"US stock indexes saw a deep sell-off on Thursday as a combination of rising unemployment and slowing economic indicators weighed on markets.
In the labor market, new data showed jobless claims came … [+1732 chars]",business-insider,Business Insider
kcloonan@insider.com (Kelly Cloonan),Stock market today: Indexes dip after Meta earnings and new labor-market data,The losses come despite strong Meta earnings as investors focus on weekly jobless claims data that came in hotter than expected.,https://markets.businessinsider.com/news/stocks/stock-market-today-strong-meta-earnings-new-labor-market-data-2024-8,https://i.insider.com/66ab9601aab37011780c5bdc?width=1200&format=jpeg,2024-08-01T14:37:44Z,"Indexes slid Thursday amid a strong earnings report from Meta and new labor-market data.
Shares of Meta soared as much as 11% after the company beat earnings estimates in the most recent quarter and… [+1769 chars]",business-insider,Business Insider
AndroidGuys,Aviator 1xBet – Your Chance for Big Winnings in 2024,"Play Aviator on 1xBet for big winnings. Register, deposit funds, and start betting at as low as $0.10. Cash out before the plane flies away to secure profits.",https://androidguys.com/promoted-news/aviator-1xbet-your-chance-for-big-winnings-in-2024/,https://i0.wp.com/androidguys.com/wp-content/uploads/2024/08/aviator1xbet.jpg?fit=628%2C532&ssl=1,2024-08-02T15:42:36Z,"The 1xBet betting platform is among the widely used websites all over the world for playing the Aviator game. If you have not played the Aviator game on this betting platform, you are missing your ch… [+3881 chars]",,AndroidGuys
Dade Hayes,New Paramount Bidder Apex Capital Trust Enters Fray With All-Cash Offer,"With three weeks remaining in the “go-shop” period of Paramount Global’s proposed merger with Skydance, it has emerged that a new suitor has joined the fray. Apex Capital Trust, a conglomerate of financial institutions and financial services providers, said i…",http://deadline.com/2024/07/new-paramount-bid-apex-capital-trust-skydance-1236027995/,https://deadline.com/wp-content/uploads/2023/05/GettyImages-1252652011.jpg?w=1024,2024-07-31T19:02:24Z,"With three weeks remaining in the “go-shop” period of Paramount Global‘s proposed merger with Skydance, it has emerged that a new suitor has joined the fray.
Apex Capital Trust, a conglomerate of fi… [+2529 chars]",,Deadline
Lynette Rice,Legendary TV To Adapt ‘Seveneves’ Sci-Fi Novel For Small Screen; Allison Friedman To Executive Produce,EXCLUSIVE: Legendary Television has acquired the television rights to adapt Seveneves by Hugo Award winner Neal Stephenson. Former Color Force executive Allison Friedman (The Mortuary Collection) will executive produce. Seveneves follows how the best scientif…,http://deadline.com/2024/08/legendary-tv-adapt-seveneves-sci-fi-novel-1236030236/,https://deadline.com/wp-content/uploads/2024/08/Seveneves.jpg?w=1024,2024-08-02T18:35:20Z,EXCLUSIVE: Legendary Television has acquired the television rights to adaptSeveneves by Hugo Award winner Neal Stephenson. FormerColor Force executive Allison Friedman (The Mortuary Collection) will … [+1305 chars],,Deadline
Paige Oamek,A Shocking New Super PAC Is Trying to Buy Elections,"The super PAC with the highest amount of money raised is likely one you’ve never heard of: “Fairshake PAC.”
According to their website, the group “supports candidates committed to securing the United States as the home to innovators building the next generat…",https://newrepublic.com/post/184483/crypto-super-pac-buy-elections-trump,https://images.newrepublic.com/f8929752da520ec3f77eb65e156259779fc98ac3.jpeg?w=1200&h=630&crop=faces&fit=crop&fm=jpg,2024-08-01T18:12:18Z,"Yeah. Of course. You know, Dred Scott, one of the famous pro-slavery decisions by the Supreme Court, I dont think anybody wants that to remain law, Vance said, referring to the 1857 case Dred Scott v… [+540 chars]",,The New Republic
https://www.mindbodygreen.com/wc/sheryl-nance-nash,The 9 Best Financial Tracking Apps & Tools To Use ASAP,"With so many financial apps, websites and tools, there’s little excuse for not staying on top of your finances.",https://www.mindbodygreen.com/articles/9-best-financial-tracking-apps-and-tools-to-use-asap,"https://mindbodygreen-res.cloudinary.com/image/upload/c_crop,x_0,y_0,w_2000,h_1334/c_fill,w_2000,h_1200,g_auto,fl_lossy,f_jpg/org/fzzbxm4yblzivd17e.jpeg",2024-08-07T12:10:00Z,"With so many financial apps, websites and tools, theres little excuse for not staying on top of your finances. Whether you want help budgeting, investing, exploring cryptocurrency, managing credit an… [+5135 chars]",,mindbodygreen.com
